{"Version":1,"ManifestType":"Publish","Endpoints":[{"Route":"3rdpartylicenses.ctwocqgjrn.txt","AssetFile":"3rdpartylicenses.txt.br","Selectors":[{"Name":"Content-Encoding","Value":"br","Quality":"0.000266880171"}],"ResponseHeaders":[{"Name":"Cache-Control","Value":"max-age=31536000, immutable"},{"Name":"Content-Encoding","Value":"br"},{"Name":"Content-Length","Value":"3746"},{"Name":"Content-Type","Value":"text/plain"},{"Name":"ETag","Value":"\"p+38pmR9KRYx7uXYB5T4Nl9amGphlOrGhJerG6Ca+xc=\""},{"Name":"Last-Modified","Value":"Mon, 12 Jan 2026 12:59:56 GMT"},{"Name":"Vary","Value":"Accept-Encoding"}],"EndpointProperties":[{"Name":"fingerprint","Value":"ctwocqgjrn"},{"Name":"integrity","Value":"sha256-ILCw1Th9/hQKMkFCXhDuuDzn1+zENu8muqrsnrjQfF4="},{"Name":"label","Value":"3rdpartylicenses.txt"},{"Name":"original-resource","Value":"\"ILCw1Th9/hQKMkFCXhDuuDzn1+zENu8muqrsnrjQfF4=\""}]},{"Route":"3rdpartylicenses.ctwocqgjrn.txt","AssetFile":"3rdpartylicenses.txt.gz","Selectors":[{"Name":"Content-Encoding","Value":"gzip","Quality":"0.000205044084"}],"ResponseHeaders":[{"Name":"Cache-Control","Value":"max-age=31536000, immutable"},{"Name":"Content-Encoding","Value":"gzip"},{"Name":"Content-Length","Value":"4876"},{"Name":"Content-Type","Value":"text/plain"},{"Name":"ETag","Value":"\"uyBuy7LxYO+yrqBeE9P+UE5RbOfxcfKTm11BDKQzi0Q=\""},{"Name":"Last-Modified","Value":"Mon, 12 Jan 2026 12:59:27 GMT"},{"Name":"Vary","Value":"Accept-Encoding"}],"EndpointProperties":[{"Name":"fingerprint","Value":"ctwocqgjrn"},{"Name":"integrity","Value":"sha256-ILCw1Th9/hQKMkFCXhDuuDzn1+zENu8muqrsnrjQfF4="},{"Name":"label","Value":"3rdpartylicenses.txt"},{"Name":"original-resource","Value":"\"ILCw1Th9/hQKMkFCXhDuuDzn1+zENu8muqrsnrjQfF4=\""}]},{"Route":"3rdpartylicenses.ctwocqgjrn.txt","AssetFile":"3rdpartylicenses.txt","Selectors":[],"ResponseHeaders":[{"Name":"Cache-Control","Value":"max-age=31536000, immutable"},{"Name":"Content-Length","Value":"18181"},{"Name":"Content-Type","Value":"text/plain"},{"Name":"ETag","Value":"\"ILCw1Th9/hQKMkFCXhDuuDzn1+zENu8muqrsnrjQfF4=\""},{"Name":"Last-Modified","Value":"Mon, 12 Jan 2026 12:57:20 GMT"},{"Name":"Vary","Value":"Accept-Encoding"}],"EndpointProperties":[{"Name":"fingerprint","Value":"ctwocqgjrn"},{"Name":"integrity","Value":"sha256-ILCw1Th9/hQKMkFCXhDuuDzn1+zENu8muqrsnrjQfF4="},{"Name":"label","Value":"3rdpartylicenses.txt"}]},{"Route":"3rdpartylicenses.ctwocqgjrn.txt.br","AssetFile":"3rdpartylicenses.txt.br","Selectors":[],"ResponseHeaders":[{"Name":"Cache-Control","Value":"max-age=31536000, immutable"},{"Name":"Content-Encoding","Value":"br"},{"Name":"Content-Length","Value":"3746"},{"Name":"Content-Type","Value":"text/plain"},{"Name":"ETag","Value":"\"p+38pmR9KRYx7uXYB5T4Nl9amGphlOrGhJerG6Ca+xc=\""},{"Name":"Last-Modified","Value":"Mon, 12 Jan 2026 12:59:56 GMT"},{"Name":"Vary","Value":"Accept-Encoding"}],"EndpointProperties":[{"Name":"fingerprint","Value":"ctwocqgjrn"},{"Name":"integrity","Value":"sha256-p+38pmR9KRYx7uXYB5T4Nl9amGphlOrGhJerG6Ca+xc="},{"Name":"label","Value":"3rdpartylicenses.txt.br"}]},{"Route":"3rdpartylicenses.ctwocqgjrn.txt.gz","AssetFile":"3rdpartylicenses.txt.gz","Selectors":[],"ResponseHeaders":[{"Name":"Cache-Control","Value":"max-age=31536000, immutable"},{"Name":"Content-Encoding","Value":"gzip"},{"Name":"Content-Length","Value":"4876"},{"Name":"Content-Type","Value":"text/plain"},{"Name":"ETag","Value":"\"uyBuy7LxYO+yrqBeE9P+UE5RbOfxcfKTm11BDKQzi0Q=\""},{"Name":"Last-Modified","Value":"Mon, 12 Jan 2026 12:59:27 GMT"},{"Name":"Vary","Value":"Accept-Encoding"}],"EndpointProperties":[{"Name":"fingerprint","Value":"ctwocqgjrn"},{"Name":"integrity","Value":"sha256-uyBuy7LxYO+yrqBeE9P+UE5RbOfxcfKTm11BDKQzi0Q="},{"Name":"label","Value":"3rdpartylicenses.txt.gz"}]},{"Route":"3rdpartylicenses.txt","AssetFile":"3rdpartylicenses.txt.br","Selectors":[{"Name":"Content-Encoding","Value":"br","Quality":"0.000266880171"}],"ResponseHeaders":[{"Name":"Cache-Control","Value":"no-cache"},{"Name":"Content-Encoding","Value":"br"},{"Name":"Content-Length","Value":"3746"},{"Name":"Content-Type","Value":"text/plain"},{"Name":"ETag","Value":"\"p+38pmR9KRYx7uXYB5T4Nl9amGphlOrGhJerG6Ca+xc=\""},{"Name":"Last-Modified","Value":"Mon, 12 Jan 2026 12:59:56 GMT"},{"Name":"Vary","Value":"Accept-Encoding"}],"EndpointProperties":[{"Name":"integrity","Value":"sha256-ILCw1Th9/hQKMkFCXhDuuDzn1+zENu8muqrsnrjQfF4="},{"Name":"original-resource","Value":"\"ILCw1Th9/hQKMkFCXhDuuDzn1+zENu8muqrsnrjQfF4=\""}]},{"Route":"3rdpartylicenses.txt","AssetFile":"3rdpartylicenses.txt.gz","Selectors":[{"Name":"Content-Encoding","Value":"gzip","Quality":"0.000205044084"}],"ResponseHeaders":[{"Name":"Cache-Control","Value":"no-cache"},{"Name":"Content-Encoding","Value":"gzip"},{"Name":"Content-Length","Value":"4876"},{"Name":"Content-Type","Value":"text/plain"},{"Name":"ETag","Value":"\"uyBuy7LxYO+yrqBeE9P+UE5RbOfxcfKTm11BDKQzi0Q=\""},{"Name":"Last-Modified","Value":"Mon, 12 Jan 2026 12:59:27 GMT"},{"Name":"Vary","Value":"Accept-Encoding"}],"EndpointProperties":[{"Name":"integrity","Value":"sha256-ILCw1Th9/hQKMkFCXhDuuDzn1+zENu8muqrsnrjQfF4="},{"Name":"original-resource","Value":"\"ILCw1Th9/hQKMkFCXhDuuDzn1+zENu8muqrsnrjQfF4=\""}]},{"Route":"3rdpartylicenses.txt","AssetFile":"3rdpartylicenses.txt","Selectors":[],"ResponseHeaders":[{"Name":"Cache-Control","Value":"no-cache"},{"Name":"Content-Length","Value":"18181"},{"Name":"Content-Type","Value":"text/plain"},{"Name":"ETag","Value":"\"ILCw1Th9/hQKMkFCXhDuuDzn1+zENu8muqrsnrjQfF4=\""},{"Name":"Last-Modified","Value":"Mon, 12 Jan 2026 12:57:20 GMT"},{"Name":"Vary","Value":"Accept-Encoding"}],"EndpointProperties":[{"Name":"integrity","Value":"sha256-ILCw1Th9/hQKMkFCXhDuuDzn1+zENu8muqrsnrjQfF4="}]},{"Route":"3rdpartylicenses.txt.br","AssetFile":"3rdpartylicenses.txt.br","Selectors":[],"ResponseHeaders":[{"Name":"Cache-Control","Value":"no-cache"},{"Name":"Content-Encoding","Value":"br"},{"Name":"Content-Length","Value":"3746"},{"Name":"Content-Type","Value":"text/plain"},{"Name":"ETag","Value":"\"p+38pmR9KRYx7uXYB5T4Nl9amGphlOrGhJerG6Ca+xc=\""},{"Name":"Last-Modified","Value":"Mon, 12 Jan 2026 12:59:56 GMT"},{"Name":"Vary","Value":"Accept-Encoding"}],"EndpointProperties":[{"Name":"integrity","Value":"sha256-p+38pmR9KRYx7uXYB5T4Nl9amGphlOrGhJerG6Ca+xc="}]},{"Route":"3rdpartylicenses.txt.gz","AssetFile":"3rdpartylicenses.txt.gz","Selectors":[],"ResponseHeaders":[{"Name":"Cache-Control","Value":"no-cache"},{"Name":"Content-Encoding","Value":"gzip"},{"Name":"Content-Length","Value":"4876"},{"Name":"Content-Type","Value":"text/plain"},{"Name":"ETag","Value":"\"uyBuy7LxYO+yrqBeE9P+UE5RbOfxcfKTm11BDKQzi0Q=\""},{"Name":"Last-Modified","Value":"Mon, 12 Jan 2026 12:59:27 GMT"},{"Name":"Vary","Value":"Accept-Encoding"}],"EndpointProperties":[{"Name":"integrity","Value":"sha256-uyBuy7LxYO+yrqBeE9P+UE5RbOfxcfKTm11BDKQzi0Q="}]},{"Route":"browser/favicon.ico","AssetFile":"browser/favicon.ico.gz","Selectors":[{"Name":"Content-Encoding","Value":"gzip","Quality":"0.000237360551"}],"ResponseHeaders":[{"Name":"Cache-Control","Value":"max-age=3600, must-revalidate"},{"Name":"Content-Encoding","Value":"gzip"},{"Name":"Content-Length","Value":"4212"},{"Name":"Content-Type","Value":"image/x-icon"},{"Name":"ETag","Value":"\"+cHE1ylNo409cfNU42PSCC4JmROdYzQ5VLTZJ0ypyxo=\""},{"Name":"Last-Modified","Value":"Mon, 12 Jan 2026 06:12:11 GMT"},{"Name":"Vary","Value":"Accept-Encoding"}],"EndpointProperties":[{"Name":"integrity","Value":"sha256-+RAr6AKXwFKSB2B75Sd7T5C8qJ1lmI+hdxuRx4lOgV8="},{"Name":"original-resource","Value":"\"+RAr6AKXwFKSB2B75Sd7T5C8qJ1lmI+hdxuRx4lOgV8=\""}]},{"Route":"browser/favicon.ico","AssetFile":"browser/favicon.ico.br","Selectors":[{"Name":"Content-Encoding","Value":"br","Quality":"0.000270489586"}],"ResponseHeaders":[{"Name":"Cache-Control","Value":"max-age=3600, must-revalidate"},{"Name":"Content-Encoding","Value":"br"},{"Name":"Content-Length","Value":"3696"},{"Name":"Content-Type","Value":"image/x-icon"},{"Name":"ETag","Value":"\"DZvQlN6nTeKU0K8Ab7twyTbcOiDwAKYlMmsyGJ+ukfM=\""},{"Name":"Last-Modified","Value":"Mon, 12 Jan 2026 06:14:58 GMT"},{"Name":"Vary","Value":"Accept-Encoding"}],"EndpointProperties":[{"Name":"integrity","Value":"sha256-+RAr6AKXwFKSB2B75Sd7T5C8qJ1lmI+hdxuRx4lOgV8="},{"Name":"original-resource","Value":"\"+RAr6AKXwFKSB2B75Sd7T5C8qJ1lmI+hdxuRx4lOgV8=\""}]},{"Route":"browser/favicon.ico","AssetFile":"browser/favicon.ico","Selectors":[],"ResponseHeaders":[{"Name":"Cache-Control","Value":"max-age=3600, must-revalidate"},{"Name":"Content-Length","Value":"15086"},{"Name":"Content-Type","Value":"image/x-icon"},{"Name":"ETag","Value":"\"+RAr6AKXwFKSB2B75Sd7T5C8qJ1lmI+hdxuRx4lOgV8=\""},{"Name":"Last-Modified","Value":"Sun, 11 Jan 2026 13:28:27 GMT"},{"Name":"Vary","Value":"Accept-Encoding"}],"EndpointProperties":[{"Name":"integrity","Value":"sha256-+RAr6AKXwFKSB2B75Sd7T5C8qJ1lmI+hdxuRx4lOgV8="}]},{"Route":"browser/favicon.ico.br","AssetFile":"browser/favicon.ico.br","Selectors":[],"ResponseHeaders":[{"Name":"Cache-Control","Value":"max-age=3600, must-revalidate"},{"Name":"Content-Encoding","Value":"br"},{"Name":"Content-Length","Value":"3696"},{"Name":"Content-Type","Value":"image/x-icon"},{"Name":"ETag","Value":"\"DZvQlN6nTeKU0K8Ab7twyTbcOiDwAKYlMmsyGJ+ukfM=\""},{"Name":"Last-Modified","Value":"Mon, 12 Jan 2026 06:14:58 GMT"},{"Name":"Vary","Value":"Accept-Encoding"}],"EndpointProperties":[{"Name":"integrity","Value":"sha256-DZvQlN6nTeKU0K8Ab7twyTbcOiDwAKYlMmsyGJ+ukfM="}]},{"Route":"browser/favicon.ico.gz","AssetFile":"browser/favicon.ico.gz","Selectors":[],"ResponseHeaders":[{"Name":"Cache-Control","Value":"max-age=3600, must-revalidate"},{"Name":"Content-Encoding","Value":"gzip"},{"Name":"Content-Length","Value":"4212"},{"Name":"Content-Type","Value":"image/x-icon"},{"Name":"ETag","Value":"\"+cHE1ylNo409cfNU42PSCC4JmROdYzQ5VLTZJ0ypyxo=\""},{"Name":"Last-Modified","Value":"Mon, 12 Jan 2026 06:12:11 GMT"},{"Name":"Vary","Value":"Accept-Encoding"}],"EndpointProperties":[{"Name":"integrity","Value":"sha256-+cHE1ylNo409cfNU42PSCC4JmROdYzQ5VLTZJ0ypyxo="}]},{"Route":"browser/favicon.vagikyz9qx.ico","AssetFile":"browser/favicon.ico.gz","Selectors":[{"Name":"Content-Encoding","Value":"gzip","Quality":"0.000237360551"}],"ResponseHeaders":[{"Name":"Cache-Control","Value":"max-age=31536000, immutable"},{"Name":"Content-Encoding","Value":"gzip"},{"Name":"Content-Length","Value":"4212"},{"Name":"Content-Type","Value":"image/x-icon"},{"Name":"ETag","Value":"\"+cHE1ylNo409cfNU42PSCC4JmROdYzQ5VLTZJ0ypyxo=\""},{"Name":"Last-Modified","Value":"Mon, 12 Jan 2026 06:12:11 GMT"},{"Name":"Vary","Value":"Accept-Encoding"}],"EndpointProperties":[{"Name":"fingerprint","Value":"vagikyz9qx"},{"Name":"integrity","Value":"sha256-+RAr6AKXwFKSB2B75Sd7T5C8qJ1lmI+hdxuRx4lOgV8="},{"Name":"label","Value":"browser/favicon.ico"},{"Name":"original-resource","Value":"\"+RAr6AKXwFKSB2B75Sd7T5C8qJ1lmI+hdxuRx4lOgV8=\""}]},{"Route":"browser/favicon.vagikyz9qx.ico","AssetFile":"browser/favicon.ico.br","Selectors":[{"Name":"Content-Encoding","Value":"br","Quality":"0.000270489586"}],"ResponseHeaders":[{"Name":"Cache-Control","Value":"max-age=31536000, immutable"},{"Name":"Content-Encoding","Value":"br"},{"Name":"Content-Length","Value":"3696"},{"Name":"Content-Type","Value":"image/x-icon"},{"Name":"ETag","Value":"\"DZvQlN6nTeKU0K8Ab7twyTbcOiDwAKYlMmsyGJ+ukfM=\""},{"Name":"Last-Modified","Value":"Mon, 12 Jan 2026 06:14:58 GMT"},{"Name":"Vary","Value":"Accept-Encoding"}],"EndpointProperties":[{"Name":"fingerprint","Value":"vagikyz9qx"},{"Name":"integrity","Value":"sha256-+RAr6AKXwFKSB2B75Sd7T5C8qJ1lmI+hdxuRx4lOgV8="},{"Name":"label","Value":"browser/favicon.ico"},{"Name":"original-resource","Value":"\"+RAr6AKXwFKSB2B75Sd7T5C8qJ1lmI+hdxuRx4lOgV8=\""}]},{"Route":"browser/favicon.vagikyz9qx.ico","AssetFile":"browser/favicon.ico","Selectors":[],"ResponseHeaders":[{"Name":"Cache-Control","Value":"max-age=31536000, immutable"},{"Name":"Content-Length","Value":"15086"},{"Name":"Content-Type","Value":"image/x-icon"},{"Name":"ETag","Value":"\"+RAr6AKXwFKSB2B75Sd7T5C8qJ1lmI+hdxuRx4lOgV8=\""},{"Name":"Last-Modified","Value":"Sun, 11 Jan 2026 13:28:27 GMT"},{"Name":"Vary","Value":"Accept-Encoding"}],"EndpointProperties":[{"Name":"fingerprint","Value":"vagikyz9qx"},{"Name":"integrity","Value":"sha256-+RAr6AKXwFKSB2B75Sd7T5C8qJ1lmI+hdxuRx4lOgV8="},{"Name":"label","Value":"browser/favicon.ico"}]},{"Route":"browser/favicon.vagikyz9qx.ico.br","AssetFile":"browser/favicon.ico.br","Selectors":[],"ResponseHeaders":[{"Name":"Cache-Control","Value":"max-age=31536000, immutable"},{"Name":"Content-Encoding","Value":"br"},{"Name":"Content-Length","Value":"3696"},{"Name":"Content-Type","Value":"image/x-icon"},{"Name":"ETag","Value":"\"DZvQlN6nTeKU0K8Ab7twyTbcOiDwAKYlMmsyGJ+ukfM=\""},{"Name":"Last-Modified","Value":"Mon, 12 Jan 2026 06:14:58 GMT"},{"Name":"Vary","Value":"Accept-Encoding"}],"EndpointProperties":[{"Name":"fingerprint","Value":"vagikyz9qx"},{"Name":"integrity","Value":"sha256-DZvQlN6nTeKU0K8Ab7twyTbcOiDwAKYlMmsyGJ+ukfM="},{"Name":"label","Value":"browser/favicon.ico.br"}]},{"Route":"browser/favicon.vagikyz9qx.ico.gz","AssetFile":"browser/favicon.ico.gz","Selectors":[],"ResponseHeaders":[{"Name":"Cache-Control","Value":"max-age=31536000, immutable"},{"Name":"Content-Encoding","Value":"gzip"},{"Name":"Content-Length","Value":"4212"},{"Name":"Content-Type","Value":"image/x-icon"},{"Name":"ETag","Value":"\"+cHE1ylNo409cfNU42PSCC4JmROdYzQ5VLTZJ0ypyxo=\""},{"Name":"Last-Modified","Value":"Mon, 12 Jan 2026 06:12:11 GMT"},{"Name":"Vary","Value":"Accept-Encoding"}],"EndpointProperties":[{"Name":"fingerprint","Value":"vagikyz9qx"},{"Name":"integrity","Value":"sha256-+cHE1ylNo409cfNU42PSCC4JmROdYzQ5VLTZJ0ypyxo="},{"Name":"label","Value":"browser/favicon.ico.gz"}]},{"Route":"browser/index.ao839vrstq.html","AssetFile":"browser/index.html.gz","Selectors":[{"Name":"Content-Encoding","Value":"gzip","Quality":"0.000764525994"}],"ResponseHeaders":[{"Name":"Cache-Control","Value":"max-age=31536000, immutable"},{"Name":"Content-Encoding","Value":"gzip"},{"Name":"Content-Length","Value":"1307"},{"Name":"Content-Type","Value":"text/html"},{"Name":"ETag","Value":"\"9D+xfXTmDocEpTWdBmjr9GAgWeDkrnxQAz+HH+COoWU=\""},{"Name":"Last-Modified","Value":"Mon, 12 Jan 2026 12:59:27 GMT"},{"Name":"Vary","Value":"Accept-Encoding"}],"EndpointProperties":[{"Name":"fingerprint","Value":"ao839vrstq"},{"Name":"integrity","Value":"sha256-VnxSRyrglVuIQuEhdo77OgnIO6MlfQXn4wxBlJGsE9Q="},{"Name":"label","Value":"browser/index.html"},{"Name":"original-resource","Value":"\"VnxSRyrglVuIQuEhdo77OgnIO6MlfQXn4wxBlJGsE9Q=\""}]},{"Route":"browser/index.ao839vrstq.html","AssetFile":"browser/index.html.br","Selectors":[{"Name":"Content-Encoding","Value":"br","Quality":"0.001010101010"}],"ResponseHeaders":[{"Name":"Cache-Control","Value":"max-age=31536000, immutable"},{"Name":"Content-Encoding","Value":"br"},{"Name":"Content-Length","Value":"989"},{"Name":"Content-Type","Value":"text/html"},{"Name":"ETag","Value":"\"lonRNQWrCXs6NYN1PsmRYOgbYH9JUNcMJA7EUrRaHsI=\""},{"Name":"Last-Modified","Value":"Mon, 12 Jan 2026 12:59:56 GMT"},{"Name":"Vary","Value":"Accept-Encoding"}],"EndpointProperties":[{"Name":"fingerprint","Value":"ao839vrstq"},{"Name":"integrity","Value":"sha256-VnxSRyrglVuIQuEhdo77OgnIO6MlfQXn4wxBlJGsE9Q="},{"Name":"label","Value":"browser/index.html"},{"Name":"original-resource","Value":"\"VnxSRyrglVuIQuEhdo77OgnIO6MlfQXn4wxBlJGsE9Q=\""}]},{"Route":"browser/index.ao839vrstq.html","AssetFile":"browser/index.html","Selectors":[],"ResponseHeaders":[{"Name":"Cache-Control","Value":"max-age=31536000, immutable"},{"Name":"Content-Length","Value":"3326"},{"Name":"Content-Type","Value":"text/html"},{"Name":"ETag","Value":"\"VnxSRyrglVuIQuEhdo77OgnIO6MlfQXn4wxBlJGsE9Q=\""},{"Name":"Last-Modified","Value":"Mon, 12 Jan 2026 12:57:20 GMT"},{"Name":"Vary","Value":"Accept-Encoding"}],"EndpointProperties":[{"Name":"fingerprint","Value":"ao839vrstq"},{"Name":"integrity","Value":"sha256-VnxSRyrglVuIQuEhdo77OgnIO6MlfQXn4wxBlJGsE9Q="},{"Name":"label","Value":"browser/index.html"}]},{"Route":"browser/index.ao839vrstq.html.br","AssetFile":"browser/index.html.br","Selectors":[],"ResponseHeaders":[{"Name":"Cache-Control","Value":"max-age=31536000, immutable"},{"Name":"Content-Encoding","Value":"br"},{"Name":"Content-Length","Value":"989"},{"Name":"Content-Type","Value":"text/html"},{"Name":"ETag","Value":"\"lonRNQWrCXs6NYN1PsmRYOgbYH9JUNcMJA7EUrRaHsI=\""},{"Name":"Last-Modified","Value":"Mon, 12 Jan 2026 12:59:56 GMT"},{"Name":"Vary","Value":"Accept-Encoding"}],"EndpointProperties":[{"Name":"fingerprint","Value":"ao839vrstq"},{"Name":"integrity","Value":"sha256-lonRNQWrCXs6NYN1PsmRYOgbYH9JUNcMJA7EUrRaHsI="},{"Name":"label","Value":"browser/index.html.br"}]},{"Route":"browser/index.ao839vrstq.html.gz","AssetFile":"browser/index.html.gz","Selectors":[],"ResponseHeaders":[{"Name":"Cache-Control","Value":"max-age=31536000, immutable"},{"Name":"Content-Encoding","Value":"gzip"},{"Name":"Content-Length","Value":"1307"},{"Name":"Content-Type","Value":"text/html"},{"Name":"ETag","Value":"\"9D+xfXTmDocEpTWdBmjr9GAgWeDkrnxQAz+HH+COoWU=\""},{"Name":"Last-Modified","Value":"Mon, 12 Jan 2026 12:59:27 GMT"},{"Name":"Vary","Value":"Accept-Encoding"}],"EndpointProperties":[{"Name":"fingerprint","Value":"ao839vrstq"},{"Name":"integrity","Value":"sha256-9D+xfXTmDocEpTWdBmjr9GAgWeDkrnxQAz+HH+COoWU="},{"Name":"label","Value":"browser/index.html.gz"}]},{"Route":"browser/index.html","AssetFile":"browser/index.html.gz","Selectors":[{"Name":"Content-Encoding","Value":"gzip","Quality":"0.000764525994"}],"ResponseHeaders":[{"Name":"Cache-Control","Value":"no-cache"},{"Name":"Content-Encoding","Value":"gzip"},{"Name":"Content-Length","Value":"1307"},{"Name":"Content-Type","Value":"text/html"},{"Name":"ETag","Value":"\"9D+xfXTmDocEpTWdBmjr9GAgWeDkrnxQAz+HH+COoWU=\""},{"Name":"Last-Modified","Value":"Mon, 12 Jan 2026 12:59:27 GMT"},{"Name":"Vary","Value":"Accept-Encoding"}],"EndpointProperties":[{"Name":"integrity","Value":"sha256-VnxSRyrglVuIQuEhdo77OgnIO6MlfQXn4wxBlJGsE9Q="},{"Name":"original-resource","Value":"\"VnxSRyrglVuIQuEhdo77OgnIO6MlfQXn4wxBlJGsE9Q=\""}]},{"Route":"browser/index.html","AssetFile":"browser/index.html.br","Selectors":[{"Name":"Content-Encoding","Value":"br","Quality":"0.001010101010"}],"ResponseHeaders":[{"Name":"Cache-Control","Value":"no-cache"},{"Name":"Content-Encoding","Value":"br"},{"Name":"Content-Length","Value":"989"},{"Name":"Content-Type","Value":"text/html"},{"Name":"ETag","Value":"\"lonRNQWrCXs6NYN1PsmRYOgbYH9JUNcMJA7EUrRaHsI=\""},{"Name":"Last-Modified","Value":"Mon, 12 Jan 2026 12:59:56 GMT"},{"Name":"Vary","Value":"Accept-Encoding"}],"EndpointProperties":[{"Name":"integrity","Value":"sha256-VnxSRyrglVuIQuEhdo77OgnIO6MlfQXn4wxBlJGsE9Q="},{"Name":"original-resource","Value":"\"VnxSRyrglVuIQuEhdo77OgnIO6MlfQXn4wxBlJGsE9Q=\""}]},{"Route":"browser/index.html","AssetFile":"browser/index.html","Selectors":[],"ResponseHeaders":[{"Name":"Cache-Control","Value":"no-cache"},{"Name":"Content-Length","Value":"3326"},{"Name":"Content-Type","Value":"text/html"},{"Name":"ETag","Value":"\"VnxSRyrglVuIQuEhdo77OgnIO6MlfQXn4wxBlJGsE9Q=\""},{"Name":"Last-Modified","Value":"Mon, 12 Jan 2026 12:57:20 GMT"},{"Name":"Vary","Value":"Accept-Encoding"}],"EndpointProperties":[{"Name":"integrity","Value":"sha256-VnxSRyrglVuIQuEhdo77OgnIO6MlfQXn4wxBlJGsE9Q="}]},{"Route":"browser/index.html.br","AssetFile":"browser/index.html.br","Selectors":[],"ResponseHeaders":[{"Name":"Cache-Control","Value":"no-cache"},{"Name":"Content-Encoding","Value":"br"},{"Name":"Content-Length","Value":"989"},{"Name":"Content-Type","Value":"text/html"},{"Name":"ETag","Value":"\"lonRNQWrCXs6NYN1PsmRYOgbYH9JUNcMJA7EUrRaHsI=\""},{"Name":"Last-Modified","Value":"Mon, 12 Jan 2026 12:59:56 GMT"},{"Name":"Vary","Value":"Accept-Encoding"}],"EndpointProperties":[{"Name":"integrity","Value":"sha256-lonRNQWrCXs6NYN1PsmRYOgbYH9JUNcMJA7EUrRaHsI="}]},{"Route":"browser/index.html.gz","AssetFile":"browser/index.html.gz","Selectors":[],"ResponseHeaders":[{"Name":"Cache-Control","Value":"no-cache"},{"Name":"Content-Encoding","Value":"gzip"},{"Name":"Content-Length","Value":"1307"},{"Name":"Content-Type","Value":"text/html"},{"Name":"ETag","Value":"\"9D+xfXTmDocEpTWdBmjr9GAgWeDkrnxQAz+HH+COoWU=\""},{"Name":"Last-Modified","Value":"Mon, 12 Jan 2026 12:59:27 GMT"},{"Name":"Vary","Value":"Accept-Encoding"}],"EndpointProperties":[{"Name":"integrity","Value":"sha256-9D+xfXTmDocEpTWdBmjr9GAgWeDkrnxQAz+HH+COoWU="}]},{"Route":"browser/main-KKQNZKLC.geccwnabze.js","AssetFile":"browser/main-KKQNZKLC.js.gz","Selectors":[{"Name":"Content-Encoding","Value":"gzip","Quality":"0.000007560808"}],"ResponseHeaders":[{"Name":"Cache-Control","Value":"max-age=31536000, immutable"},{"Name":"Content-Encoding","Value":"gzip"},{"Name":"Content-Length","Value":"132260"},{"Name":"Content-Type","Value":"text/javascript"},{"Name":"ETag","Value":"\"utp2pqsx3shNLcrSNVOuNssV1MNtLlLtQKjkt+xc7UA=\""},{"Name":"Last-Modified","Value":"Mon, 12 Jan 2026 12:59:27 GMT"},{"Name":"Vary","Value":"Accept-Encoding"}],"EndpointProperties":[{"Name":"fingerprint","Value":"geccwnabze"},{"Name":"integrity","Value":"sha256-OPofgYmLecjOutsu4bw4FwiBr2drHyke6cdtjghlJR4="},{"Name":"label","Value":"browser/main-KKQNZKLC.js"},{"Name":"original-resource","Value":"\"OPofgYmLecjOutsu4bw4FwiBr2drHyke6cdtjghlJR4=\""}]},{"Route":"browser/main-KKQNZKLC.geccwnabze.js","AssetFile":"browser/main-KKQNZKLC.js.br","Selectors":[{"Name":"Content-Encoding","Value":"br","Quality":"0.000009097194"}],"ResponseHeaders":[{"Name":"Cache-Control","Value":"max-age=31536000, immutable"},{"Name":"Content-Encoding","Value":"br"},{"Name":"Content-Length","Value":"109923"},{"Name":"Content-Type","Value":"text/javascript"},{"Name":"ETag","Value":"\"mB4L3Sqx+rgSpHcTjiUx1C1XJxDbaDzRg0kMEW4rDQw=\""},{"Name":"Last-Modified","Value":"Mon, 12 Jan 2026 12:59:58 GMT"},{"Name":"Vary","Value":"Accept-Encoding"}],"EndpointProperties":[{"Name":"fingerprint","Value":"geccwnabze"},{"Name":"integrity","Value":"sha256-OPofgYmLecjOutsu4bw4FwiBr2drHyke6cdtjghlJR4="},{"Name":"label","Value":"browser/main-KKQNZKLC.js"},{"Name":"original-resource","Value":"\"OPofgYmLecjOutsu4bw4FwiBr2drHyke6cdtjghlJR4=\""}]},{"Route":"browser/main-KKQNZKLC.geccwnabze.js","AssetFile":"browser/main-KKQNZKLC.js","Selectors":[],"ResponseHeaders":[{"Name":"Cache-Control","Value":"max-age=31536000, immutable"},{"Name":"Content-Length","Value":"471077"},{"Name":"Content-Type","Value":"text/javascript"},{"Name":"ETag","Value":"\"OPofgYmLecjOutsu4bw4FwiBr2drHyke6cdtjghlJR4=\""},{"Name":"Last-Modified","Value":"Mon, 12 Jan 2026 12:57:20 GMT"},{"Name":"Vary","Value":"Accept-Encoding"}],"EndpointProperties":[{"Name":"fingerprint","Value":"geccwnabze"},{"Name":"integrity","Value":"sha256-OPofgYmLecjOutsu4bw4FwiBr2drHyke6cdtjghlJR4="},{"Name":"label","Value":"browser/main-KKQNZKLC.js"}]},{"Route":"browser/main-KKQNZKLC.geccwnabze.js.br","AssetFile":"browser/main-KKQNZKLC.js.br","Selectors":[],"ResponseHeaders":[{"Name":"Cache-Control","Value":"max-age=31536000, immutable"},{"Name":"Content-Encoding","Value":"br"},{"Name":"Content-Length","Value":"109923"},{"Name":"Content-Type","Value":"text/javascript"},{"Name":"ETag","Value":"\"mB4L3Sqx+rgSpHcTjiUx1C1XJxDbaDzRg0kMEW4rDQw=\""},{"Name":"Last-Modified","Value":"Mon, 12 Jan 2026 12:59:58 GMT"},{"Name":"Vary","Value":"Accept-Encoding"}],"EndpointProperties":[{"Name":"fingerprint","Value":"geccwnabze"},{"Name":"integrity","Value":"sha256-mB4L3Sqx+rgSpHcTjiUx1C1XJxDbaDzRg0kMEW4rDQw="},{"Name":"label","Value":"browser/main-KKQNZKLC.js.br"}]},{"Route":"browser/main-KKQNZKLC.geccwnabze.js.gz","AssetFile":"browser/main-KKQNZKLC.js.gz","Selectors":[],"ResponseHeaders":[{"Name":"Cache-Control","Value":"max-age=31536000, immutable"},{"Name":"Content-Encoding","Value":"gzip"},{"Name":"Content-Length","Value":"132260"},{"Name":"Content-Type","Value":"text/javascript"},{"Name":"ETag","Value":"\"utp2pqsx3shNLcrSNVOuNssV1MNtLlLtQKjkt+xc7UA=\""},{"Name":"Last-Modified","Value":"Mon, 12 Jan 2026 12:59:27 GMT"},{"Name":"Vary","Value":"Accept-Encoding"}],"EndpointProperties":[{"Name":"fingerprint","Value":"geccwnabze"},{"Name":"integrity","Value":"sha256-utp2pqsx3shNLcrSNVOuNssV1MNtLlLtQKjkt+xc7UA="},{"Name":"label","Value":"browser/main-KKQNZKLC.js.gz"}]},{"Route":"browser/main-KKQNZKLC.js","AssetFile":"browser/main-KKQNZKLC.js.gz","Selectors":[{"Name":"Content-Encoding","Value":"gzip","Quality":"0.000007560808"}],"ResponseHeaders":[{"Name":"Cache-Control","Value":"no-cache"},{"Name":"Content-Encoding","Value":"gzip"},{"Name":"Content-Length","Value":"132260"},{"Name":"Content-Type","Value":"text/javascript"},{"Name":"ETag","Value":"\"utp2pqsx3shNLcrSNVOuNssV1MNtLlLtQKjkt+xc7UA=\""},{"Name":"Last-Modified","Value":"Mon, 12 Jan 2026 12:59:27 GMT"},{"Name":"Vary","Value":"Accept-Encoding"}],"EndpointProperties":[{"Name":"integrity","Value":"sha256-OPofgYmLecjOutsu4bw4FwiBr2drHyke6cdtjghlJR4="},{"Name":"original-resource","Value":"\"OPofgYmLecjOutsu4bw4FwiBr2drHyke6cdtjghlJR4=\""}]},{"Route":"browser/main-KKQNZKLC.js","AssetFile":"browser/main-KKQNZKLC.js.br","Selectors":[{"Name":"Content-Encoding","Value":"br","Quality":"0.000009097194"}],"ResponseHeaders":[{"Name":"Cache-Control","Value":"no-cache"},{"Name":"Content-Encoding","Value":"br"},{"Name":"Content-Length","Value":"109923"},{"Name":"Content-Type","Value":"text/javascript"},{"Name":"ETag","Value":"\"mB4L3Sqx+rgSpHcTjiUx1C1XJxDbaDzRg0kMEW4rDQw=\""},{"Name":"Last-Modified","Value":"Mon, 12 Jan 2026 12:59:58 GMT"},{"Name":"Vary","Value":"Accept-Encoding"}],"EndpointProperties":[{"Name":"integrity","Value":"sha256-OPofgYmLecjOutsu4bw4FwiBr2drHyke6cdtjghlJR4="},{"Name":"original-resource","Value":"\"OPofgYmLecjOutsu4bw4FwiBr2drHyke6cdtjghlJR4=\""}]},{"Route":"browser/main-KKQNZKLC.js","AssetFile":"browser/main-KKQNZKLC.js","Selectors":[],"ResponseHeaders":[{"Name":"Cache-Control","Value":"no-cache"},{"Name":"Content-Length","Value":"471077"},{"Name":"Content-Type","Value":"text/javascript"},{"Name":"ETag","Value":"\"OPofgYmLecjOutsu4bw4FwiBr2drHyke6cdtjghlJR4=\""},{"Name":"Last-Modified","Value":"Mon, 12 Jan 2026 12:57:20 GMT"},{"Name":"Vary","Value":"Accept-Encoding"}],"EndpointProperties":[{"Name":"integrity","Value":"sha256-OPofgYmLecjOutsu4bw4FwiBr2drHyke6cdtjghlJR4="}]},{"Route":"browser/main-KKQNZKLC.js.br","AssetFile":"browser/main-KKQNZKLC.js.br","Selectors":[],"ResponseHeaders":[{"Name":"Cache-Control","Value":"no-cache"},{"Name":"Content-Encoding","Value":"br"},{"Name":"Content-Length","Value":"109923"},{"Name":"Content-Type","Value":"text/javascript"},{"Name":"ETag","Value":"\"mB4L3Sqx+rgSpHcTjiUx1C1XJxDbaDzRg0kMEW4rDQw=\""},{"Name":"Last-Modified","Value":"Mon, 12 Jan 2026 12:59:58 GMT"},{"Name":"Vary","Value":"Accept-Encoding"}],"EndpointProperties":[{"Name":"integrity","Value":"sha256-mB4L3Sqx+rgSpHcTjiUx1C1XJxDbaDzRg0kMEW4rDQw="}]},{"Route":"browser/main-KKQNZKLC.js.gz","AssetFile":"browser/main-KKQNZKLC.js.gz","Selectors":[],"ResponseHeaders":[{"Name":"Cache-Control","Value":"no-cache"},{"Name":"Content-Encoding","Value":"gzip"},{"Name":"Content-Length","Value":"132260"},{"Name":"Content-Type","Value":"text/javascript"},{"Name":"ETag","Value":"\"utp2pqsx3shNLcrSNVOuNssV1MNtLlLtQKjkt+xc7UA=\""},{"Name":"Last-Modified","Value":"Mon, 12 Jan 2026 12:59:27 GMT"},{"Name":"Vary","Value":"Accept-Encoding"}],"EndpointProperties":[{"Name":"integrity","Value":"sha256-utp2pqsx3shNLcrSNVOuNssV1MNtLlLtQKjkt+xc7UA="}]},{"Route":"browser/styles-GTAMBTGU.1xaxmzg2an.css","AssetFile":"browser/styles-GTAMBTGU.css.gz","Selectors":[{"Name":"Content-Encoding","Value":"gzip","Quality":"0.000437636761"}],"ResponseHeaders":[{"Name":"Cache-Control","Value":"max-age=31536000, immutable"},{"Name":"Content-Encoding","Value":"gzip"},{"Name":"Content-Length","Value":"2284"},{"Name":"Content-Type","Value":"text/css"},{"Name":"ETag","Value":"\"vCS+VaErWLjMGQkMuwyu2sIBQPuyjGfg4HX30IOBjBk=\""},{"Name":"Last-Modified","Value":"Mon, 12 Jan 2026 12:59:27 GMT"},{"Name":"Vary","Value":"Accept-Encoding"}],"EndpointProperties":[{"Name":"fingerprint","Value":"1xaxmzg2an"},{"Name":"integrity","Value":"sha256-hXfDd+iRSvY6n/2L49l6s3nczHVIRA44Nt5i2gV3WBY="},{"Name":"label","Value":"browser/styles-GTAMBTGU.css"},{"Name":"original-resource","Value":"\"hXfDd+iRSvY6n/2L49l6s3nczHVIRA44Nt5i2gV3WBY=\""}]},{"Route":"browser/styles-GTAMBTGU.1xaxmzg2an.css","AssetFile":"browser/styles-GTAMBTGU.css.br","Selectors":[{"Name":"Content-Encoding","Value":"br","Quality":"0.000517330574"}],"ResponseHeaders":[{"Name":"Cache-Control","Value":"max-age=31536000, immutable"},{"Name":"Content-Encoding","Value":"br"},{"Name":"Content-Length","Value":"1932"},{"Name":"Content-Type","Value":"text/css"},{"Name":"ETag","Value":"\"JvXJQukVJ9zHqfrFRQX8X4LZxNtkpxeRxCPxZtEwniE=\""},{"Name":"Last-Modified","Value":"Mon, 12 Jan 2026 12:59:56 GMT"},{"Name":"Vary","Value":"Accept-Encoding"}],"EndpointProperties":[{"Name":"fingerprint","Value":"1xaxmzg2an"},{"Name":"integrity","Value":"sha256-hXfDd+iRSvY6n/2L49l6s3nczHVIRA44Nt5i2gV3WBY="},{"Name":"label","Value":"browser/styles-GTAMBTGU.css"},{"Name":"original-resource","Value":"\"hXfDd+iRSvY6n/2L49l6s3nczHVIRA44Nt5i2gV3WBY=\""}]},{"Route":"browser/styles-GTAMBTGU.1xaxmzg2an.css","AssetFile":"browser/styles-GTAMBTGU.css","Selectors":[],"ResponseHeaders":[{"Name":"Cache-Control","Value":"max-age=31536000, immutable"},{"Name":"Content-Length","Value":"9717"},{"Name":"Content-Type","Value":"text/css"},{"Name":"ETag","Value":"\"hXfDd+iRSvY6n/2L49l6s3nczHVIRA44Nt5i2gV3WBY=\""},{"Name":"Last-Modified","Value":"Mon, 12 Jan 2026 12:57:20 GMT"},{"Name":"Vary","Value":"Accept-Encoding"}],"EndpointProperties":[{"Name":"fingerprint","Value":"1xaxmzg2an"},{"Name":"integrity","Value":"sha256-hXfDd+iRSvY6n/2L49l6s3nczHVIRA44Nt5i2gV3WBY="},{"Name":"label","Value":"browser/styles-GTAMBTGU.css"}]},{"Route":"browser/styles-GTAMBTGU.1xaxmzg2an.css.br","AssetFile":"browser/styles-GTAMBTGU.css.br","Selectors":[],"ResponseHeaders":[{"Name":"Cache-Control","Value":"max-age=31536000, immutable"},{"Name":"Content-Encoding","Value":"br"},{"Name":"Content-Length","Value":"1932"},{"Name":"Content-Type","Value":"text/css"},{"Name":"ETag","Value":"\"JvXJQukVJ9zHqfrFRQX8X4LZxNtkpxeRxCPxZtEwniE=\""},{"Name":"Last-Modified","Value":"Mon, 12 Jan 2026 12:59:56 GMT"},{"Name":"Vary","Value":"Accept-Encoding"}],"EndpointProperties":[{"Name":"fingerprint","Value":"1xaxmzg2an"},{"Name":"integrity","Value":"sha256-JvXJQukVJ9zHqfrFRQX8X4LZxNtkpxeRxCPxZtEwniE="},{"Name":"label","Value":"browser/styles-GTAMBTGU.css.br"}]},{"Route":"browser/styles-GTAMBTGU.1xaxmzg2an.css.gz","AssetFile":"browser/styles-GTAMBTGU.css.gz","Selectors":[],"ResponseHeaders":[{"Name":"Cache-Control","Value":"max-age=31536000, immutable"},{"Name":"Content-Encoding","Value":"gzip"},{"Name":"Content-Length","Value":"2284"},{"Name":"Content-Type","Value":"text/css"},{"Name":"ETag","Value":"\"vCS+VaErWLjMGQkMuwyu2sIBQPuyjGfg4HX30IOBjBk=\""},{"Name":"Last-Modified","Value":"Mon, 12 Jan 2026 12:59:27 GMT"},{"Name":"Vary","Value":"Accept-Encoding"}],"EndpointProperties":[{"Name":"fingerprint","Value":"1xaxmzg2an"},{"Name":"integrity","Value":"sha256-vCS+VaErWLjMGQkMuwyu2sIBQPuyjGfg4HX30IOBjBk="},{"Name":"label","Value":"browser/styles-GTAMBTGU.css.gz"}]},{"Route":"browser/styles-GTAMBTGU.css","AssetFile":"browser/styles-GTAMBTGU.css.gz","Selectors":[{"Name":"Content-Encoding","Value":"gzip","Quality":"0.000437636761"}],"ResponseHeaders":[{"Name":"Cache-Control","Value":"no-cache"},{"Name":"Content-Encoding","Value":"gzip"},{"Name":"Content-Length","Value":"2284"},{"Name":"Content-Type","Value":"text/css"},{"Name":"ETag","Value":"\"vCS+VaErWLjMGQkMuwyu2sIBQPuyjGfg4HX30IOBjBk=\""},{"Name":"Last-Modified","Value":"Mon, 12 Jan 2026 12:59:27 GMT"},{"Name":"Vary","Value":"Accept-Encoding"}],"EndpointProperties":[{"Name":"integrity","Value":"sha256-hXfDd+iRSvY6n/2L49l6s3nczHVIRA44Nt5i2gV3WBY="},{"Name":"original-resource","Value":"\"hXfDd+iRSvY6n/2L49l6s3nczHVIRA44Nt5i2gV3WBY=\""}]},{"Route":"browser/styles-GTAMBTGU.css","AssetFile":"browser/styles-GTAMBTGU.css.br","Selectors":[{"Name":"Content-Encoding","Value":"br","Quality":"0.000517330574"}],"ResponseHeaders":[{"Name":"Cache-Control","Value":"no-cache"},{"Name":"Content-Encoding","Value":"br"},{"Name":"Content-Length","Value":"1932"},{"Name":"Content-Type","Value":"text/css"},{"Name":"ETag","Value":"\"JvXJQukVJ9zHqfrFRQX8X4LZxNtkpxeRxCPxZtEwniE=\""},{"Name":"Last-Modified","Value":"Mon, 12 Jan 2026 12:59:56 GMT"},{"Name":"Vary","Value":"Accept-Encoding"}],"EndpointProperties":[{"Name":"integrity","Value":"sha256-hXfDd+iRSvY6n/2L49l6s3nczHVIRA44Nt5i2gV3WBY="},{"Name":"original-resource","Value":"\"hXfDd+iRSvY6n/2L49l6s3nczHVIRA44Nt5i2gV3WBY=\""}]},{"Route":"browser/styles-GTAMBTGU.css","AssetFile":"browser/styles-GTAMBTGU.css","Selectors":[],"ResponseHeaders":[{"Name":"Cache-Control","Value":"no-cache"},{"Name":"Content-Length","Value":"9717"},{"Name":"Content-Type","Value":"text/css"},{"Name":"ETag","Value":"\"hXfDd+iRSvY6n/2L49l6s3nczHVIRA44Nt5i2gV3WBY=\""},{"Name":"Last-Modified","Value":"Mon, 12 Jan 2026 12:57:20 GMT"},{"Name":"Vary","Value":"Accept-Encoding"}],"EndpointProperties":[{"Name":"integrity","Value":"sha256-hXfDd+iRSvY6n/2L49l6s3nczHVIRA44Nt5i2gV3WBY="}]},{"Route":"browser/styles-GTAMBTGU.css.br","AssetFile":"browser/styles-GTAMBTGU.css.br","Selectors":[],"ResponseHeaders":[{"Name":"Cache-Control","Value":"no-cache"},{"Name":"Content-Encoding","Value":"br"},{"Name":"Content-Length","Value":"1932"},{"Name":"Content-Type","Value":"text/css"},{"Name":"ETag","Value":"\"JvXJQukVJ9zHqfrFRQX8X4LZxNtkpxeRxCPxZtEwniE=\""},{"Name":"Last-Modified","Value":"Mon, 12 Jan 2026 12:59:56 GMT"},{"Name":"Vary","Value":"Accept-Encoding"}],"EndpointProperties":[{"Name":"integrity","Value":"sha256-JvXJQukVJ9zHqfrFRQX8X4LZxNtkpxeRxCPxZtEwniE="}]},{"Route":"browser/styles-GTAMBTGU.css.gz","AssetFile":"browser/styles-GTAMBTGU.css.gz","Selectors":[],"ResponseHeaders":[{"Name":"Cache-Control","Value":"no-cache"},{"Name":"Content-Encoding","Value":"gzip"},{"Name":"Content-Length","Value":"2284"},{"Name":"Content-Type","Value":"text/css"},{"Name":"ETag","Value":"\"vCS+VaErWLjMGQkMuwyu2sIBQPuyjGfg4HX30IOBjBk=\""},{"Name":"Last-Modified","Value":"Mon, 12 Jan 2026 12:59:27 GMT"},{"Name":"Vary","Value":"Accept-Encoding"}],"EndpointProperties":[{"Name":"integrity","Value":"sha256-vCS+VaErWLjMGQkMuwyu2sIBQPuyjGfg4HX30IOBjBk="}]},{"Route":"prerendered-routes.json","AssetFile":"prerendered-routes.json.gz","Selectors":[{"Name":"Content-Encoding","Value":"gzip","Quality":"0.025641025641"}],"ResponseHeaders":[{"Name":"Cache-Control","Value":"no-cache"},{"Name":"Content-Encoding","Value":"gzip"},{"Name":"Content-Length","Value":"38"},{"Name":"Content-Type","Value":"application/json"},{"Name":"ETag","Value":"\"DI2yfsuELyUna6mBfaEF+yfg7KP5cuS7gn/z1Z7u8i0=\""},{"Name":"Last-Modified","Value":"Mon, 12 Jan 2026 12:59:27 GMT"},{"Name":"Vary","Value":"Accept-Encoding"}],"EndpointProperties":[{"Name":"integrity","Value":"sha256-p53cyKEVGQ6cGUee02kUdBp9HbdPChFTUp78gHJVBf4="},{"Name":"original-resource","Value":"\"p53cyKEVGQ6cGUee02kUdBp9HbdPChFTUp78gHJVBf4=\""}]},{"Route":"prerendered-routes.json","AssetFile":"prerendered-routes.json.br","Selectors":[{"Name":"Content-Encoding","Value":"br","Quality":"0.043478260870"}],"ResponseHeaders":[{"Name":"Cache-Control","Value":"no-cache"},{"Name":"Content-Encoding","Value":"br"},{"Name":"Content-Length","Value":"22"},{"Name":"Content-Type","Value":"application/json"},{"Name":"ETag","Value":"\"AAOcDdoxFiyeGdEWYmSBa0pItxin+SuPp3FEivY+fgo=\""},{"Name":"Last-Modified","Value":"Mon, 12 Jan 2026 12:59:56 GMT"},{"Name":"Vary","Value":"Accept-Encoding"}],"EndpointProperties":[{"Name":"integrity","Value":"sha256-p53cyKEVGQ6cGUee02kUdBp9HbdPChFTUp78gHJVBf4="},{"Name":"original-resource","Value":"\"p53cyKEVGQ6cGUee02kUdBp9HbdPChFTUp78gHJVBf4=\""}]},{"Route":"prerendered-routes.json","AssetFile":"prerendered-routes.json","Selectors":[],"ResponseHeaders":[{"Name":"Cache-Control","Value":"no-cache"},{"Name":"Content-Length","Value":"18"},{"Name":"Content-Type","Value":"application/json"},{"Name":"ETag","Value":"\"p53cyKEVGQ6cGUee02kUdBp9HbdPChFTUp78gHJVBf4=\""},{"Name":"Last-Modified","Value":"Mon, 12 Jan 2026 12:57:20 GMT"},{"Name":"Vary","Value":"Accept-Encoding"}],"EndpointProperties":[{"Name":"integrity","Value":"sha256-p53cyKEVGQ6cGUee02kUdBp9HbdPChFTUp78gHJVBf4="}]},{"Route":"prerendered-routes.json.br","AssetFile":"prerendered-routes.json.br","Selectors":[],"ResponseHeaders":[{"Name":"Cache-Control","Value":"no-cache"},{"Name":"Content-Encoding","Value":"br"},{"Name":"Content-Length","Value":"22"},{"Name":"Content-Type","Value":"application/json"},{"Name":"ETag","Value":"\"AAOcDdoxFiyeGdEWYmSBa0pItxin+SuPp3FEivY+fgo=\""},{"Name":"Last-Modified","Value":"Mon, 12 Jan 2026 12:59:56 GMT"},{"Name":"Vary","Value":"Accept-Encoding"}],"EndpointProperties":[{"Name":"integrity","Value":"sha256-AAOcDdoxFiyeGdEWYmSBa0pItxin+SuPp3FEivY+fgo="}]},{"Route":"prerendered-routes.json.gz","AssetFile":"prerendered-routes.json.gz","Selectors":[],"ResponseHeaders":[{"Name":"Cache-Control","Value":"no-cache"},{"Name":"Content-Encoding","Value":"gzip"},{"Name":"Content-Length","Value":"38"},{"Name":"Content-Type","Value":"application/json"},{"Name":"ETag","Value":"\"DI2yfsuELyUna6mBfaEF+yfg7KP5cuS7gn/z1Z7u8i0=\""},{"Name":"Last-Modified","Value":"Mon, 12 Jan 2026 12:59:27 GMT"},{"Name":"Vary","Value":"Accept-Encoding"}],"EndpointProperties":[{"Name":"integrity","Value":"sha256-DI2yfsuELyUna6mBfaEF+yfg7KP5cuS7gn/z1Z7u8i0="}]},{"Route":"prerendered-routes.tvy3j3n584.json","AssetFile":"prerendered-routes.json.gz","Selectors":[{"Name":"Content-Encoding","Value":"gzip","Quality":"0.025641025641"}],"ResponseHeaders":[{"Name":"Cache-Control","Value":"max-age=31536000, immutable"},{"Name":"Content-Encoding","Value":"gzip"},{"Name":"Content-Length","Value":"38"},{"Name":"Content-Type","Value":"application/json"},{"Name":"ETag","Value":"\"DI2yfsuELyUna6mBfaEF+yfg7KP5cuS7gn/z1Z7u8i0=\""},{"Name":"Last-Modified","Value":"Mon, 12 Jan 2026 12:59:27 GMT"},{"Name":"Vary","Value":"Accept-Encoding"}],"EndpointProperties":[{"Name":"fingerprint","Value":"tvy3j3n584"},{"Name":"integrity","Value":"sha256-p53cyKEVGQ6cGUee02kUdBp9HbdPChFTUp78gHJVBf4="},{"Name":"label","Value":"prerendered-routes.json"},{"Name":"original-resource","Value":"\"p53cyKEVGQ6cGUee02kUdBp9HbdPChFTUp78gHJVBf4=\""}]},{"Route":"prerendered-routes.tvy3j3n584.json","AssetFile":"prerendered-routes.json.br","Selectors":[{"Name":"Content-Encoding","Value":"br","Quality":"0.043478260870"}],"ResponseHeaders":[{"Name":"Cache-Control","Value":"max-age=31536000, immutable"},{"Name":"Content-Encoding","Value":"br"},{"Name":"Content-Length","Value":"22"},{"Name":"Content-Type","Value":"application/json"},{"Name":"ETag","Value":"\"AAOcDdoxFiyeGdEWYmSBa0pItxin+SuPp3FEivY+fgo=\""},{"Name":"Last-Modified","Value":"Mon, 12 Jan 2026 12:59:56 GMT"},{"Name":"Vary","Value":"Accept-Encoding"}],"EndpointProperties":[{"Name":"fingerprint","Value":"tvy3j3n584"},{"Name":"integrity","Value":"sha256-p53cyKEVGQ6cGUee02kUdBp9HbdPChFTUp78gHJVBf4="},{"Name":"label","Value":"prerendered-routes.json"},{"Name":"original-resource","Value":"\"p53cyKEVGQ6cGUee02kUdBp9HbdPChFTUp78gHJVBf4=\""}]},{"Route":"prerendered-routes.tvy3j3n584.json","AssetFile":"prerendered-routes.json","Selectors":[],"ResponseHeaders":[{"Name":"Cache-Control","Value":"max-age=31536000, immutable"},{"Name":"Content-Length","Value":"18"},{"Name":"Content-Type","Value":"application/json"},{"Name":"ETag","Value":"\"p53cyKEVGQ6cGUee02kUdBp9HbdPChFTUp78gHJVBf4=\""},{"Name":"Last-Modified","Value":"Mon, 12 Jan 2026 12:57:20 GMT"},{"Name":"Vary","Value":"Accept-Encoding"}],"EndpointProperties":[{"Name":"fingerprint","Value":"tvy3j3n584"},{"Name":"integrity","Value":"sha256-p53cyKEVGQ6cGUee02kUdBp9HbdPChFTUp78gHJVBf4="},{"Name":"label","Value":"prerendered-routes.json"}]},{"Route":"prerendered-routes.tvy3j3n584.json.br","AssetFile":"prerendered-routes.json.br","Selectors":[],"ResponseHeaders":[{"Name":"Cache-Control","Value":"max-age=31536000, immutable"},{"Name":"Content-Encoding","Value":"br"},{"Name":"Content-Length","Value":"22"},{"Name":"Content-Type","Value":"application/json"},{"Name":"ETag","Value":"\"AAOcDdoxFiyeGdEWYmSBa0pItxin+SuPp3FEivY+fgo=\""},{"Name":"Last-Modified","Value":"Mon, 12 Jan 2026 12:59:56 GMT"},{"Name":"Vary","Value":"Accept-Encoding"}],"EndpointProperties":[{"Name":"fingerprint","Value":"tvy3j3n584"},{"Name":"integrity","Value":"sha256-AAOcDdoxFiyeGdEWYmSBa0pItxin+SuPp3FEivY+fgo="},{"Name":"label","Value":"prerendered-routes.json.br"}]},{"Route":"prerendered-routes.tvy3j3n584.json.gz","AssetFile":"prerendered-routes.json.gz","Selectors":[],"ResponseHeaders":[{"Name":"Cache-Control","Value":"max-age=31536000, immutable"},{"Name":"Content-Encoding","Value":"gzip"},{"Name":"Content-Length","Value":"38"},{"Name":"Content-Type","Value":"application/json"},{"Name":"ETag","Value":"\"DI2yfsuELyUna6mBfaEF+yfg7KP5cuS7gn/z1Z7u8i0=\""},{"Name":"Last-Modified","Value":"Mon, 12 Jan 2026 12:59:27 GMT"},{"Name":"Vary","Value":"Accept-Encoding"}],"EndpointProperties":[{"Name":"fingerprint","Value":"tvy3j3n584"},{"Name":"integrity","Value":"sha256-DI2yfsuELyUna6mBfaEF+yfg7KP5cuS7gn/z1Z7u8i0="},{"Name":"label","Value":"prerendered-routes.json.gz"}]}]}